{
    "accuracy": 0.771,
    "precision": 0.8439086294416244,
    "recall": 0.665,
    "f1_score": 0.743847874720358,
    "confusion_matrix": {
        "true_negatives": 877,
        "false_positives": 123,
        "false_negatives": 335,
        "true_positives": 665
    },
    "classification_report": {
        "Real": {
            "precision": 0.7235973597359736,
            "recall": 0.877,
            "f1-score": 0.7929475587703436,
            "support": 1000.0
        },
        "Fake": {
            "precision": 0.8439086294416244,
            "recall": 0.665,
            "f1-score": 0.743847874720358,
            "support": 1000.0
        },
        "accuracy": 0.771,
        "macro avg": {
            "precision": 0.783752994588799,
            "recall": 0.771,
            "f1-score": 0.7683977167453508,
            "support": 2000.0
        },
        "weighted avg": {
            "precision": 0.783752994588799,
            "recall": 0.771,
            "f1-score": 0.7683977167453508,
            "support": 2000.0
        }
    },
    "evaluation_date": "2025-04-27T17:36:53.564422",
    "test_samples": 2000
}